{"stats":{"minecraft:used":{"minecraft:diorite":7,"minecraft:stone_pickaxe":138,"minecraft:iron_pickaxe":270,"minecraft:spruce_planks":1,"minecraft:wooden_pickaxe":6,"minecraft:iron_sword":1,"minecraft:stone_axe":3,"minecraft:torch":10,"minecraft:cobblestone":89,"minecraft:crafting_table":2,"minecraft:furnace":1,"minecraft:cooked_porkchop":3,"minecraft:andesite":2},"minecraft:custom":{"minecraft:time_since_rest":32903,"minecraft:interact_with_furnace":8,"minecraft:sprint_one_cm":67068,"minecraft:damage_taken":1030,"minecraft:walk_one_cm":66798,"minecraft:mob_kills":1,"minecraft:damage_dealt":190,"minecraft:interact_with_crafting_table":14,"minecraft:fly_one_cm":23249,"minecraft:crouch_one_cm":11864,"minecraft:play_one_minute":36511,"minecraft:deaths":3,"minecraft:sneak_time":3534,"minecraft:jump":317,"minecraft:walk_on_water_one_cm":270,"minecraft:time_since_death":32864,"minecraft:fall_one_cm":3414},"minecraft:picked_up":{"minecraft:crafting_table":2,"minecraft:cooked_porkchop":3,"minecraft:andesite":42,"minecraft:torch":1,"minecraft:gravel":5,"minecraft:flint":3,"minecraft:diorite":11,"minecraft:redstone":34,"minecraft:gold_ore":11,"minecraft:dirt":8,"minecraft:lapis_lazuli":52,"minecraft:diamond":11,"minecraft:spruce_planks":64,"minecraft:stone_pickaxe":1,"minecraft:granite":17,"minecraft:iron_ore":16,"minecraft:gray_wool":1,"minecraft:iron_pickaxe":1,"minecraft:mutton":1,"minecraft:oak_planks":2,"minecraft:coal":74,"minecraft:cobblestone":222,"minecraft:furnace":1},"minecraft:broken":{"minecraft:stone_pickaxe":1,"minecraft:iron_pickaxe":1},"minecraft:killed":{"minecraft:sheep":1},"minecraft:crafted":{"minecraft:crafting_table":1,"minecraft:stick":12,"minecraft:wooden_pickaxe":1,"minecraft:iron_ingot":8,"minecraft:iron_pickaxe":1,"minecraft:stone_pickaxe":1,"minecraft:iron_sword":1,"minecraft:furnace":1,"minecraft:torch":12,"minecraft:stone_axe":1,"minecraft:air":0},"minecraft:mined":{"minecraft:diamond_ore":11,"minecraft:redstone_ore":7,"minecraft:furnace":1,"minecraft:iron_ore":19,"minecraft:andesite":44,"minecraft:crafting_table":2,"minecraft:granite":17,"minecraft:coal_ore":65,"minecraft:gravel":7,"minecraft:dirt":8,"minecraft:cobblestone":8,"minecraft:lapis_ore":7,"minecraft:stone":204,"minecraft:oak_planks":3,"minecraft:gold_ore":10,"minecraft:diorite":11},"minecraft:killed_by":{"minecraft:skeleton":1,"minecraft:creeper":2}},"DataVersion":2586}