{"stats":{"minecraft:used":{"minecraft:stone_pickaxe":59,"minecraft:spruce_planks":1,"minecraft:wooden_pickaxe":6,"minecraft:stone_axe":2,"minecraft:torch":5,"minecraft:crafting_table":2,"minecraft:furnace":1,"minecraft:cooked_porkchop":1,"minecraft:andesite":2},"minecraft:custom":{"minecraft:time_since_rest":8903,"minecraft:interact_with_furnace":4,"minecraft:sprint_one_cm":32209,"minecraft:damage_taken":970,"minecraft:walk_one_cm":26733,"minecraft:damage_dealt":40,"minecraft:interact_with_crafting_table":11,"minecraft:fly_one_cm":15676,"minecraft:crouch_one_cm":2983,"minecraft:play_one_minute":12511,"minecraft:deaths":3,"minecraft:sneak_time":792,"minecraft:jump":103,"minecraft:time_since_death":8864,"minecraft:fall_one_cm":1235},"minecraft:picked_up":{"minecraft:crafting_table":1,"minecraft:cooked_porkchop":3,"minecraft:andesite":2,"minecraft:spruce_planks":64,"minecraft:iron_ore":8,"minecraft:oak_planks":2,"minecraft:coal":12,"minecraft:cobblestone":36},"minecraft:crafted":{"minecraft:crafting_table":1,"minecraft:stick":12,"minecraft:wooden_pickaxe":1,"minecraft:iron_ingot":8,"minecraft:stone_pickaxe":1,"minecraft:furnace":1,"minecraft:torch":8,"minecraft:stone_axe":1,"minecraft:air":0},"minecraft:mined":{"minecraft:iron_ore":10,"minecraft:andesite":4,"minecraft:crafting_table":1,"minecraft:coal_ore":12,"minecraft:stone":39,"minecraft:oak_planks":3},"minecraft:killed_by":{"minecraft:skeleton":1,"minecraft:creeper":2}},"DataVersion":2586}