{"stats":{"minecraft:used":{"minecraft:stone_pickaxe":59,"minecraft:iron_pickaxe":201,"minecraft:spruce_planks":1,"minecraft:wooden_pickaxe":6,"minecraft:stone_axe":3,"minecraft:torch":9,"minecraft:cobblestone":11,"minecraft:crafting_table":2,"minecraft:furnace":1,"minecraft:cooked_porkchop":1,"minecraft:andesite":2},"minecraft:custom":{"minecraft:time_since_rest":20903,"minecraft:interact_with_furnace":8,"minecraft:sprint_one_cm":47885,"minecraft:damage_taken":1000,"minecraft:walk_one_cm":46477,"minecraft:damage_dealt":60,"minecraft:interact_with_crafting_table":14,"minecraft:fly_one_cm":20510,"minecraft:crouch_one_cm":9936,"minecraft:play_one_minute":24511,"minecraft:deaths":3,"minecraft:sneak_time":3138,"minecraft:jump":156,"minecraft:walk_on_water_one_cm":270,"minecraft:time_since_death":20864,"minecraft:fall_one_cm":2532},"minecraft:picked_up":{"minecraft:crafting_table":2,"minecraft:cooked_porkchop":3,"minecraft:andesite":17,"minecraft:torch":1,"minecraft:gravel":3,"minecraft:flint":2,"minecraft:redstone":15,"minecraft:gold_ore":4,"minecraft:lapis_lazuli":19,"minecraft:diamond":11,"minecraft:spruce_planks":64,"minecraft:granite":10,"minecraft:iron_ore":16,"minecraft:oak_planks":2,"minecraft:coal":70,"minecraft:cobblestone":134,"minecraft:furnace":1},"minecraft:crafted":{"minecraft:crafting_table":1,"minecraft:stick":12,"minecraft:wooden_pickaxe":1,"minecraft:iron_ingot":8,"minecraft:iron_pickaxe":1,"minecraft:stone_pickaxe":1,"minecraft:iron_sword":1,"minecraft:furnace":1,"minecraft:torch":8,"minecraft:stone_axe":1,"minecraft:air":0},"minecraft:mined":{"minecraft:diamond_ore":11,"minecraft:redstone_ore":3,"minecraft:furnace":1,"minecraft:iron_ore":19,"minecraft:andesite":19,"minecraft:crafting_table":2,"minecraft:granite":10,"minecraft:coal_ore":61,"minecraft:gravel":4,"minecraft:cobblestone":3,"minecraft:lapis_ore":3,"minecraft:stone":132,"minecraft:oak_planks":3,"minecraft:gold_ore":4},"minecraft:killed_by":{"minecraft:skeleton":1,"minecraft:creeper":2}},"DataVersion":2586}