{"stats":{"minecraft:used":{"minecraft:wooden_axe":19,"minecraft:shield":2,"minecraft:iron_pickaxe":143,"minecraft:stone_pickaxe":90,"minecraft:spruce_planks":2,"minecraft:wooden_pickaxe":11,"minecraft:stone_axe":33,"minecraft:torch":12,"minecraft:dirt":3,"minecraft:cobblestone":38,"minecraft:sweet_berries":2,"minecraft:crafting_table":3,"minecraft:furnace":3,"minecraft:cooked_porkchop":3},"minecraft:custom":{"minecraft:time_since_rest":33772,"minecraft:interact_with_furnace":11,"minecraft:sprint_one_cm":34014,"minecraft:damage_taken":230,"minecraft:walk_one_cm":42044,"minecraft:damage_blocked_by_shield":80,"minecraft:mob_kills":4,"minecraft:drop":4,"minecraft:damage_dealt":500,"minecraft:interact_with_crafting_table":11,"minecraft:fly_one_cm":32046,"minecraft:crouch_one_cm":17471,"minecraft:play_one_minute":33772,"minecraft:sneak_time":6602,"minecraft:walk_under_water_one_cm":500,"minecraft:jump":241,"minecraft:time_since_death":33772,"minecraft:leave_game":2,"minecraft:walk_on_water_one_cm":327,"minecraft:fall_one_cm":4946},"minecraft:picked_up":{"minecraft:crafting_table":3,"minecraft:sweet_berries":7,"minecraft:andesite":11,"minecraft:gravel":4,"minecraft:porkchop":7,"minecraft:spruce_sapling":2,"minecraft:gunpowder":2,"minecraft:spruce_log":46,"minecraft:dirt":3,"minecraft:arrow":1,"minecraft:bone":2,"minecraft:granite":1,"minecraft:iron_ingot":5,"minecraft:iron_ore":55,"minecraft:oak_planks":1,"minecraft:coal":35,"minecraft:rail":3,"minecraft:cobblestone":146,"minecraft:furnace":3},"minecraft:killed":{"minecraft:skeleton":1,"minecraft:pig":3},"minecraft:dropped":{"minecraft:cooked_porkchop":3,"minecraft:spruce_planks":64},"minecraft:crafted":{"minecraft:cooked_porkchop":7,"minecraft:shield":1,"minecraft:iron_axe":1,"minecraft:crafting_table":1,"minecraft:spruce_planks":184,"minecraft:stick":16,"minecraft:iron_pickaxe":1,"minecraft:iron_ingot":8,"minecraft:wooden_pickaxe":1,"minecraft:stone_pickaxe":1,"minecraft:wooden_axe":1,"minecraft:furnace":3,"minecraft:torch":16,"minecraft:stone_axe":1,"minecraft:air":0},"minecraft:mined":{"minecraft:furnace":3,"minecraft:iron_ore":53,"minecraft:sweet_berry_bush":3,"minecraft:spruce_log":46,"minecraft:andesite":9,"minecraft:crafting_table":3,"minecraft:granite":1,"minecraft:grass_block":3,"minecraft:coal_ore":36,"minecraft:gravel":4,"minecraft:spruce_leaves":10,"minecraft:stone":138}},"DataVersion":2586}