{"stats":{"minecraft:used":{"minecraft:wooden_axe":12,"minecraft:crafting_table":1},"minecraft:custom":{"minecraft:jump":4,"minecraft:leave_game":1,"minecraft:time_since_rest":2105,"minecraft:crouch_one_cm":705,"minecraft:play_one_minute":2105,"minecraft:sprint_one_cm":1529,"minecraft:time_since_death":2105,"minecraft:walk_one_cm":523,"minecraft:sneak_time":273,"minecraft:interact_with_crafting_table":1,"minecraft:fly_one_cm":193},"minecraft:picked_up":{"minecraft:spruce_sapling":1,"minecraft:crafting_table":1,"minecraft:spruce_log":14},"minecraft:crafted":{"minecraft:crafting_table":1,"minecraft:spruce_planks":12,"minecraft:stick":4,"minecraft:wooden_pickaxe":1,"minecraft:wooden_axe":1},"minecraft:mined":{"minecraft:spruce_leaves":1,"minecraft:spruce_log":14,"minecraft:crafting_table":1}},"DataVersion":2586}