{"stats":{"minecraft:used":{"minecraft:wooden_axe":17,"minecraft:iron_pickaxe":25,"minecraft:stone_pickaxe":90,"minecraft:wooden_pickaxe":11,"minecraft:stone_axe":33,"minecraft:torch":2,"minecraft:dirt":3,"minecraft:cobblestone":38,"minecraft:sweet_berries":2,"minecraft:crafting_table":3,"minecraft:furnace":3,"minecraft:cooked_porkchop":2},"minecraft:custom":{"minecraft:time_since_rest":21740,"minecraft:interact_with_furnace":11,"minecraft:sprint_one_cm":28964,"minecraft:damage_taken":60,"minecraft:walk_one_cm":17798,"minecraft:mob_kills":3,"minecraft:damage_dealt":300,"minecraft:interact_with_crafting_table":11,"minecraft:fly_one_cm":31403,"minecraft:crouch_one_cm":12442,"minecraft:play_one_minute":21740,"minecraft:sneak_time":4631,"minecraft:walk_under_water_one_cm":351,"minecraft:jump":204,"minecraft:time_since_death":21740,"minecraft:leave_game":1,"minecraft:walk_on_water_one_cm":143,"minecraft:fall_one_cm":4377},"minecraft:picked_up":{"minecraft:crafting_table":3,"minecraft:sweet_berries":7,"minecraft:porkchop":7,"minecraft:spruce_sapling":2,"minecraft:spruce_log":46,"minecraft:dirt":3,"minecraft:iron_ingot":5,"minecraft:iron_ore":22,"minecraft:coal":9,"minecraft:cobblestone":91,"minecraft:furnace":3},"minecraft:killed":{"minecraft:pig":3},"minecraft:crafted":{"minecraft:cooked_porkchop":7,"minecraft:shield":1,"minecraft:iron_axe":1,"minecraft:crafting_table":1,"minecraft:spruce_planks":184,"minecraft:stick":16,"minecraft:iron_pickaxe":1,"minecraft:iron_ingot":8,"minecraft:wooden_pickaxe":1,"minecraft:stone_pickaxe":1,"minecraft:wooden_axe":1,"minecraft:furnace":3,"minecraft:torch":16,"minecraft:stone_axe":1,"minecraft:air":0},"minecraft:mined":{"minecraft:furnace":3,"minecraft:iron_ore":22,"minecraft:sweet_berry_bush":3,"minecraft:spruce_log":46,"minecraft:crafting_table":3,"minecraft:grass_block":3,"minecraft:coal_ore":9,"minecraft:spruce_leaves":10,"minecraft:stone":92}},"DataVersion":2586}