{"stats":{"minecraft:used":{"minecraft:stone_axe":32,"minecraft:wooden_axe":17,"minecraft:dirt":3,"minecraft:crafting_table":2,"minecraft:wooden_pickaxe":11},"minecraft:custom":{"minecraft:time_since_rest":9740,"minecraft:play_one_minute":9740,"minecraft:crouch_one_cm":2351,"minecraft:sprint_one_cm":27260,"minecraft:damage_taken":60,"minecraft:walk_one_cm":11690,"minecraft:sneak_time":895,"minecraft:mob_kills":3,"minecraft:jump":172,"minecraft:damage_dealt":300,"minecraft:leave_game":1,"minecraft:time_since_death":9740,"minecraft:interact_with_crafting_table":4,"minecraft:fall_one_cm":4377,"minecraft:fly_one_cm":30787},"minecraft:picked_up":{"minecraft:crafting_table":2,"minecraft:sweet_berries":4,"minecraft:porkchop":7,"minecraft:spruce_sapling":2,"minecraft:spruce_log":46,"minecraft:dirt":3,"minecraft:cobblestone":11},"minecraft:killed":{"minecraft:pig":3},"minecraft:crafted":{"minecraft:stone_axe":1,"minecraft:crafting_table":1,"minecraft:spruce_planks":72,"minecraft:stick":8,"minecraft:stone_pickaxe":1,"minecraft:wooden_pickaxe":1,"minecraft:wooden_axe":1},"minecraft:mined":{"minecraft:grass_block":3,"minecraft:sweet_berry_bush":2,"minecraft:stone":11,"minecraft:spruce_leaves":10,"minecraft:spruce_log":46,"minecraft:crafting_table":2}},"DataVersion":2586}